id;isbn;title;year;author
B-001;978-0132350884;Clean Code;2008;Robert C. Martin
B-002;978-0201633610;Design Patterns;1994;Erich Gamma
B-003;978-0135957059;The Pragmatic Programmer;2019;Andrew Hunt
B-004;978-0321125217;Domain-Driven Design;2003;Eric Evans
B-005;978-1491950357;Designing Data-Intensive Apps;2017;Martin Kleppmann
B-006;978-0134494166;Clean Architecture;2017;Robert C. Martin
B-007;978-1617294532;C# in Depth;2019;Jon Skeet
B-008;978-1492056812;Concurrency in C# Cookbook;2019;Stephen Cleary
B-009;978-0131103627;The C Programming Language;1988;Brian W. Kernighan
B-010;978-1449373320;Building Microservices;2020;Sam Newman
B-011;978-0134685991;Effective Java;2017
B-012;978-0000000001;Книга без автора (це валідний рядок);2023
B-013;;Тіні забутих предків;1911;Михайло Коцюбинський
B-014;978-1234567890;Помилковий рік;двітисячі;Джон Доу
B-015;978-1111111111;Замало колонок
